Sentiment,Tweet
0,pnr 8348062961 way water toilet mess everywhere coach please provide basic facil
0,ac working prayag lucknow intercity today departed prayag 345 pmstaff helping us
0,im traveling chennai train 16102 coach s446 berth dirtysome one vomitted birth
5,irctc responding time tatkal booking
7,matter notified concerned official
6,cant give justice graduate engineers one thing least stop recruiting tech sse
4,wrkout smthng tht cn hlp trains run right timemalwa exprs delayed hrs mathura junction
0,dirty water flowing ftm blower local coach aft 1st rain 808 thane vashi
6,enter win 150 amazon gift card books pnr urbanfantasy romance
3,still vendors selling local local products like water etc inside train
4,please update status today 12141 ltt ppta express departure ltt
0,swatch bharat abhiyaan train stops kozhikodcalicut one comes 12218 coacha1 water
5,reserved ticket allotted rac passenger boarded next station kindly please help
4,update today intercity 12930 late 16 min
0,train 12656 proper water service train kindly look matter
6,google i1 button used billion times pnr day source alltwitter
3,sir water point
4,train departed varanasi reaching chunar minutes mirzapur
4,students pnr 2119025096 confirmed tkt counter raeberali denying refund sayin late reach window
5,dear sir father senior citizen patient tootravelling alone seat confirmed rac
4,emu 64439 ghaziabad new delhi daily latekindly check amp resolved issue
1,sir fir lodged grpbandikui vide crno 3416 us 380 ipc
0,travelling howrah cuttack 12073 jan shatabdi exp coach c2 cleanliness coach
0,water clear train 12656 pnr 4837665503 please look matter seriously
5,hi siri need help umy wife son 4years hvng waiting ticket 41st ac pnr 2119063322of bilaspur rajhdhani
3,paschim express vendor doesnt give food mentioned menu ppl option food choice
5,hello sir want going village money buy ticket plz help
4,rt everyday magadh exp 12401 running late 3to hrs without reson anyome responsibility pâ
1,bro lost luggage luks like rail officials dindigul station pnr4840503630ph 9994437217pl help
7,kindly share pnr number amp contact number
0,train 12183 water coach se4 use toilets
4,whats reason behind delay hours 14312 ala hazrat exp go back home station
0,pathetic dirty toilet b1 a1 22940 bilaspur hapa expressplease help
6,poor service railways
0,water train 18104 running hrs
4,sir delayed clash academic session
4,frm jbp patna pnr 83478 48608will reach timeit ruing like pasr sf tol disappointing
5,tried cancel ticket chart preparation due login problem unable pnr is2119194363
6,applaud indian railway 4commendable servicewe issue charging pt attendants quickly cameplucked entireâ
7,matter notified officials concerned
4,train 12497 stuck bhodwal st one help one telling reasone delay pl help
4,railway never irresponsible called fake development happening railway never irresponsible
1,plz hlphe missing since 15 daysamp today sum1 seen adi station
0,pnr 2119050261 train 12472 coach a1 ac working since start journey jammu tavi
0,sir old delhi railway station bag scanning machine workingno checkpoint luggage check
1,sir fir lodged grpsatna vide crno 03916 us 380 ipc transferred grpallahabad
4,means make extra late train running late 300 hrs summer season winter much fog atmosphere
3,rpf serious eating business pantry passengers shri shakti exp today
5,tt regularly visit first class passticket checking
4,pls tell 55150 originate today bcy
4,stated train waste almost one half hour platform please try fix less time help
3,irctc canteen mysore selling water 5rs mrp bought 20
0,iam also indian citizen tandur station also india action reply water
4,18237 engine failed silyari still making announcement train coming announce expected time
5,many months say years wait conscience corrupt rottenâ
4,train handled late hours previous division kindly update
5,new delhi station one counter working platform ticket huge line nd people waiting
4,parents travelling 15231 pnr 6408164808 coach s5 nâ
5,want know waiting list ticket cant cancelled time departure train
4,14208 held bareilly shahjanpur delayd 25 hrs train route delyd 14208 victimizd
2,request doctor pain killer injection rewari stn 19718 one arrived urgent matter
5,train 12017 pnr 2646724070 reserved tckts wtng chair seats allow waiting shatabdi trains
0,pnr 8747892216train 22981 coachs7 fan working coach s7 mercury highplz help
5,tried tatkal booking delhi goa rajdhani jalandar city railway station supported staff
5,hvng ac irctc amp today ws loged 8ami hv seen da within 801 ac tickets sold
4,incorrect tdr claim prcsdrqst hve look tdr 100000105731626 train hr late
4,sirtrain hrs late train 15623i also attend train guwahaty naharlagun intercity express itanagar
5,train 12344 coach b3 tt accepted bribe amp allotted seats wl passengers instead rac seats
7,kindly look
5,screen img 46 09062016 fyr tatkal quota without opng great
6,
4,rt provide 1min stoppage karnataka sampark kranthi haveri
4,22415 current location b6 coach ac
5,amount debited reservation failed request support pay back entire amount
6,pls consider nos western toilets 23 ac coaches many elderly travel hv problems thnx
5,mother travelling month kid given upper berth instead providing details baby
6,thanks give attention meerut saharanpur railway line
6,many benifited thanks lot sir
0,traveling 12506 dt 110616 s3 toilets fully dirty water toiletkindly arrange help urgentlypnr 2647351440
4,train time changed informed family stuck mangalore pls add time sms
5,heard irctc charge service charge 1616 online ticket still deducting
5,tatkal service biggest garbage plz close service05 website workingshowing error
5,got ticketthanku problem solved cers bilimora prs withdraw complaint
5,tt declining accept college id true id higher authorities act pnr 4512791357
0,traveling train 12590 coach s8 fans working told last station one attended
4,concern late running 14205 14206 never reaches time either station pl check ur data real concern
0,travelling train 18623pnr 6252708712 1st class coach paid around 1700 ac working properly
5,possible tatkal 256 available garib rath seats booked within 15 min hidden tricks
6,rt procuring congress mouthpiece national herald priced hefty rs 20piece amp providing toâ
5,sir need ur kind assistance cancer patient hs tatkal ticket status ckwl1920 plz something
3,hello sir mai time malwa express train number 12919 hu abhi vendor se khane ke rate pucha usneâ
4,pls confirm whn reach need attend function late schedule arrival barelliye
4,travel wth mother cant walk properly ptb stoppage extended mins pnr 2118501258train 12618
1,sir lost mobile bearing 9442455386 travelling pothigai express train 12661 today 515
6,till action taken
7,rt inconvenience regretted matter taken necessary action
5,ask city police constable allowed without ticket without authority coach train
6,janani sewa launchedinfant food available nvrr platform2palakkad jn
0,dear sirac sabarmati express working since last hours please needfulpnr 2864717564
5,intimation railway tatkal ticket cancelation pnr n2319127483 trn n12430 96964500028004198641
5,sir train ticket comform abu road mumbai mother sick plz help sirpnr 2217892889doj 9616
5,siri trying make tickets new delhi darbhangabihar last week getting confirmplease help
3,sir train 12488 pantry carand important thing long route train
5,got double tatkal tickets cnfrmd login costing 12k technical issue costed doubleirctc 3515189
3,pnr 8403479266 food pathetic water cool cold drings warm sandwitch stale
6,thanks uts app facilitating hassle free travel good provide training tcs also
1,hanging chains middle berth broken pnr 4512791357
4,delayed thank muchboarded train thank much
0,train 15047 light working passengers suffering help
5,pnr 6107451949
6,security lags delhi sarai rohilla rly stn checking xray scnr ws der body operate
4,booked ticket 14312 adi jp train late hrs want cancel reservn bt allowng
0,18546 east cost express sleeper class s9 toilet smelling source station
4,unable trace parcel delhi cbe parcel staff idea whether material loaded wat
5,14316 tte comes hapur stn majority ticketless passengers deboarded useless buy ticâ
2,traveling 19806 child vomiting much water coach plz fill water coaches help
6,thatâs poor railwayspoor poor
0,sir ye sab hal habibaganj station mp bhopal ka hai toilet ka hai
0,pnr 6756068777 ac working dirty towel pillow cover
0,fan working 12673 cheran express s11 70
5,im cancer pt booked tkt fr checkup brother escortthey say possiblities tkt fr daugh 6yr12 tkt
4,im passenger aleppeychennai superfast train hoping catch least last bus indianrailwaydelay
3,dear sir food served shatabdi trains substandard dal paneer tasteless
0,huge huge scope improve train bathroom extremely dirty amp spread germs mumbai india
3,patna jn pf shop exprss food delvry chargng 20 rs 15 rs water bottlepls take action pnr6553173362
1,train arrive window clerk sadhana sharma goes missing
5,clerk give tickets giving advertisiâ
5,sir ankit singh previous day booked ticket tatkal quota get wt list please help pnr 6453141801
1,sirsaid missing person could traced despite best effortpl lodge missing report grp
4,pnr4740479198 coaches d1 d2 missing train please check miss train
4,booking train number 07006 rxlhyb special gaya want see current sâ
5,refund 780 credited account soon balance amount 143why much amount
7,sorry inconvenience matter noted
4,12378 really shameful almost train departed source 1st tweet traâ
6,user id macrohit date booking 281117
1,im travelling 64563 present security man nd gents travelling ladies coach train abt reach morinda
3,availability less requirement high food vendor provoded proper response every item 510 rupees extra
6,scenic indianrailways near igatpuri mumbai nasik route thullghat kamayaniexpress
5,unable file tdr pnr 8535014323 last hour allowing wrong thing tc
0,travlng 12328 trn bi coach surprised find one toilet lock key word cleanliness prevail train
6,feel like work intercity trains carry maximum job proffessionals reach office neat clean
2,need medical assistance train 12554 pnr 2417720180
3,many passengrs pnr 4512791357 feeling stomach upset dinner frm railways pantry
5,trying book tatkal ticket last day daily problem exist please needful
6,reply
0,sleeper ac broken windows rats cockroaches moving freely dirty old curtains bed
3,tnde railway station water cooler working single source water hell service 45c
0,2040 train kota one contacted solves airconditioner matter 12218 a1
1,evrythng railways going next level security guardur fairly place kol ofc securities rude misbehaved
7,inconvenience regretted matter taken necessary action
4,railminindia details available pls
5,one able make tatkal tickets except brokers jpg stationtake immediate action railway staffs
6,rt passenger traffic also shown significant growth reserved amp suburban segmentsover 5cr additional passengersâ
4,train departed itarsi concerned delay miss flight dueâ
7,kindly look
0,pnr2118939314trn12616dt10062016frm ngp cd ac working last half amp hour
1,bags valuables stolen safe travel indian rail pnr8145511i318345511270
1,light stn plz check
4,sealdah delhi rajdhani 12313 running hrs late pls something abt urgent reach delhi
6,brave work rpf soldier railway station
4,sir 12944 running late half hourplease help us
7,rt glad inform amp confirmed multiple sources newspaper distributed railways officially couâ
0,india railways looks like cant get better
7,sorry inconvenience complaint attend itarsi
5,current booking thr wr seat ac2 cant get confirmedcurrent booking wtng ac
6,look outside boundary wall old delhi rly stn mess vendors accumulated garbage traffic jam unusable urinals
5,even though reach early wait whole night outside post office booking tatkal tkt dont get agents
1,phone robbed bykinnar mehboobnagarrpf amp tt refused proper helpneed help
2,wife travelling 12310 rajdhani b3 56 unbearable pain stomachneeds medical assistance 138 nt wrkn
5,complaint noticket id irctc 3513198 ko check karke please resolve problem shanker naryani mb8960095188
3,neither cooler working platform 1re water available tap
5,traveling wife kids help berth allotment booked tickets
2,sir couple traveling sc train 07092 2yr old kid due train delaymilk tâ
5,sir irctc site completely since 11 time tatkal disappointed
6,cleaning staff cleaning coachs floor regular intervals
4,rain 05514 worst den summer special geting kind suvida suvidha train mre den 8hrs late
1,security passengers tarin theft chennai bilaspur express 7june fir filed lost valuable
3,launches optional catering scheme two premier trains
6,solution
0,cant even use restroom corridor full unreserved passengers please help asap22
6,rt member traffic reviewed april nov transportation performance rly board zonal rly officers passedâ
5,change name eticket passenger pnr no4320260809 kurnool krntstating days required rule 24 hrs
6,sir update reviewed see action taken pl visit take action
3,kindly add water bottle catering menu order food rs40 face problem coz min order amnt 60
7,pls look matter
6,rt holistic strategy ensure growth
6,didnt expect service rajdhani travelling sampoorna kranti service fantastic
0,traveling train 12493 pune cleaning services mosquito flies comprtmnt plz tkaction
0,jbp pltfrm no6 mess looks bad otherwise clean platform
5,pathetic satitution viashali ex b112554commercial staff allows general tkt passanger coach takeing bribe urgent
5,facing trouble name change fathers ticket name per rule ncb amp cob
3,ordered food irctc catering cumshum vendor luk station didnt got food till hving kid
3,amp pantry car ppl train number 12493 overcharging food providing menu card pnr 8535323910 b1 13
5,given best suggestions solutions indian railway always confirmed rail tickets connecting indian
5,thank much sirmy money refunded
7,sorry inconvenienceyour complaint attended cnbstn
4,train status shown ntes train running delay bw mughalsarai allahabad much frustrated
5,ijust wan na tlthat please make strong server irctc sitemany times booking ticketserver goes
6,many innocent people suffering kind ofâ
4,winter fog days still late trains looks staffâ
0,train 17211 june gnt ypr dirty water train complaint tc use plz take action
0,train 12554 seat a2 17 charging socket working pnr 2865448765
5,cant even log tatkal timewhy dont increase bogie howrah jamalpur expressdisappointed
7,sir laptop could traced despite best efforts thanks calling us
5,
4,could confirm time train reaching mumbai
6,sir want set rail neer bottling plant jaipur nearby area could let know process
4,details available pls
5,dear sirticket pnr2119096244 booked paying 923 amp automatically cancelled due nonavailability berths
6,rt win fifty ya amp newadult uf fantasy paranormal romance pnr amp dystopian ebooks paperbacks
6,true alp willb retired 55 instead usual 60 would gross injustice true
5,sud see irctc functions tatkal hourspeople suffering forced pay 2k agents
7,matter informed concern officials regards
5,booked ticket nizamuddin eranakulam duronto pnr 2647352639 current status ckwl2
0,payampuse toilets narkatiagnj jn pltfrm overchrging fr toilet urinte rs free toilts faclity statn
1,urgent depute lady security force s4 seat 4148 ramnagar exp 19061 approaching bharuch
0,pune nizamudin durantothere water dropping b5 toiletattended said like
3,parents travelling 15231 pnr 6408164808 coach s5 nâ
7,sir sri mohd jamshed mt sri pguha principal edcoachg kindly reâ
0,travelling surat kanpurtrain 02534 bed condition washbasin water plz take step
5,pnr 2720271036
5,train 11020 3rd ac 80 tatkal ticket sold 13 second trying since juneno luck
5,sir please let know name chañge eticketno one responding placepl help
0,water getting wasted panvel station maharastra platform no7 help draught situation
3,person traveling frm train 11071 coach b3 water supply since morningpls help
0,father travelling pnr 2119093949 informed fans working coach cnt7773004713
5,dat possible sirwe hv give 200 extra da agent buy ticketsthis fair plz help
5,still get seat unless bribe tte refer complaint wwrbct000132702
5,kinly help irctc refund follow irctc since 24th may
6,one responding phone call enquiry jamalpur station please consider complaint becauseâ
5,dear sir book ticket cancelled refund given plz help
6,rt
0,2319103685trn no14854 pnr charging socket coach a1 working properly tripped several times
5,dear sir railway cancel train due work railway paying refund
5,kindly look
7,sir inconvenience regretted please lodge fir lodged grp pursâ
5,think buying 1st class ticket mumbai local proves bigger asshole diff
0,train 12548 coach b2 problem ac working one help pls
0,travelling mahanama exp22417 pathetic experienceregret watching news zee 12
6,rt alert rly man best safety device
5,booked tickets irctc mobile app tickets booked payment done areâ
4,sir please delay train 10 min please
4,cases way please suggest solutions
7,inconvenience caused regretted facility provided platform number oneâ
7,kindly share train
0,sir train 22824 coach b5 train left ndls still toilets dirty amp waiting passenger travelling
4,lights platform pitch dark late evening early morning inconvenience passengers
6,plz continue train 1430714308
2,one attended cor reach kota coâ
4,please share train coach position
4,sir train alredy 2hrs late amp ac staff switch ac igatpuri
0,travelling15657 new alipurduar guwahatino new bed covers amp smelling bed sheet blanket condition pathetic disappointed
1,take serious action people understand rules lâ
5,ticket checkers bothered
6,enjoying wifi lko stationgood speed15 service tax wifi cleaning also good
2,need medical assistance train number 12554 pnr 2417720180 feeling stomach pain
0,water scarcity palamu express 12348not single drop water toilet origin s4
4,train 12562 schedule depfor 2035then 1100pm announced 0035am amp one knows 12
1,sir fir lodged grptundla vide crno nil1916 us 379 ipc transferred grpetawa
0,12904 brc bct seat s5 55 fans working help greatly aplreciated
6,rt petition like continually cut pso invest public transport travellâ
5,irctc booking tatkal site slow even 30 mins prime time two weeks ok
6,rains ring road puram silkboard blore jam pack rechd office 1pm instead 9am
0,water coach s3 train bskt kamakhya express 15623 train reach baurani jn
0,sir promote swach bharat abhiyan brokers toilets various railway station charges 10 rs using toilets
0,travelling bnglr murudeswar train 16523s5 coachtoilets stinckng tough passengers sit
5,process student concession season tickets critical ajmer railway region udaipur helpless
7,rt
4,train 12502 made unexpected late without reason held ahraura since last one hour
4,train 12241 journey cdg ldh 100 mins train stopping every station late 30 mins
6,ultimate speed coming free wifi provided google lucknow railway station thanks
5,sir tc collector every train take black money allotting seat depend ticket min 200 hpnd wid
0,really bad service rac 3rd ac category really bad experience pillowno bed sheet really rude staff
6,thanks reply
3,actual price dinner food railway porbandar motihari exp 19269
5,huge crowd waiting get tickets fr train 16116 vm stn counters functioning pls increase counters
5,sir irctc ticket booking site goes stuck daily 11 1130 tatkal booking
6,yes
3,want know meal throughout journey reply soon possible
2,child suffering high fever take carlpol syrup train 12565 a140
6,
4,pathetic railway train overtaken cheoki dis suvidha stuck mre 1hrs 05514
7,
6,
0,continuos water wastage fr om southern tap patna junction platform 9dont know contact
3,water served train 12295 food pnr 4419894531
5,ajmer exp people sleeping local coaâ
6,progress mumbai harbour line snail slowcattle class traveling
5,irctc shows stupid error trying book tatkal lost dint get tikt tnx awesome bugs
0,vr cleaning station wat abt train coaches swach train
7,matter forwarded concerned official na
2,sir taking furthr action adv 012015 sse way sr zone medicaljoiningno information given sr hq chhanai
5,taken police general coaches
4,incredibleindia journey tym 12 hrs trn running late almost tym leads frustration whn dontâ
0,sir booking tab tiger express website working
0,12204 magadh express dirty leaking stinky toilet coach b1 pnr 276437435
1,check thief catcher prolific reader instafreebie freebook whattoread pnr
4,train 22488 ndls jogbani bihar running late 711 hours daily instruct regulate
4,plz help coach position train 19321 coach a1 jaunpur jn
5,want help ticket wainting list no1 rajdhani pnr 2418289059 urgent visit please date travel 09062016
4,absurd mumbai local trains never reached time always getting late kalyan junction dombivli
3,expecting strict action overcharging instead received mail stating counseling done
7,stnl stn concerned officer mini
6,rt saturdaymotivation punish murderers engineer husband thrown train byâ
3,travlling trn no15024 ypr gkp frm kcg lkopnr 4836770906 vendors ovrcharging cold drinkschips rs 5tea rs10
5,please help pnr number 2820176609
4,sir train 12562 runs apprx hr latedaytoday also running latei want draw ur kind attention towards
7,kindly clarify name station
5,refunded counter waiting list counter tickt chart prepared travelledpnr 2418998762plz help
5,like airport fees railway must charge rs25 per ticket station development maintenance fees
4,tweet late today morning peak hours 2025 mins jam packed made india
3,got stale snacks train no12791 eveningberth no55 b2 3a vendor argued denied
3,travelling b4 33 34 22461 tea worthless quality poor complained misbehaved vendor trainplz help
0,traveled stations last days never seen stations clean hygienic coaches amp toilets absolutely clean
4,hundreds ppl waiting plateform 13 since last hrs one take responsibility 22
3,pnr 2219054565 orderd food frm train frm catering dont hv print ordr slip require
6,sir since morning two time connected 01139340000 give bad response 12
0,air conditioning functional coach a3 12424 dbrt rajdhani departed ndls 10jun request attention
0,ws lko charbagh station ystrdy lack sufficient sitting arrangements platform ws vry dirty
5,ajmer exp people sleeping localâ
6,wants given best ideas technology indian railway development japan china
6,rt process drawing policies sectors economy increase busineâ
4,plz favour jaunpur jn jnu one foot bridge covered coaches indicationsâ
3,train12009 c812 found fly food unhygenic unsafe buckuprailways
7,highland moon enchantment mary morgan historical pnr via
1,bag stolen traveling mathura color mustard mk written cash imp documents
0,water available train 22944coach s10pnr 8148142547
0,pnr 8148161618no water taps provided washbasin toilets
3,missing cutlery drink sache etc server tt say menu old 12006 c1 65 1006 fyi
3,sir tweet delete water point action
4,maximum train stoppage bharuch want also stoppage train evening time aâ
0,filthy toilet a1 coach shalimar exp 14645 coach smelling rotten any1 reduce tragedy
3,sir yesterday saw launch irctc menu kids healthy junk food pls look
1,sir fir lodged grpgwalior vide crno 7516 us 380 ipc
6,rt dark pursuit pnr holiday story sale 99cents
5,please take na
6,sir attended mother berhampur amp khurda road problem thanks calling us
1,train 12554 doj 10616in frst general coach2nd part ppl fighting another ppl therewhy
0,problem still persistno water toilets wash basintrain halted small stops making late
3,replied complain cani irctc vendorpnr 4119867656
4,today morning peak hours trains jam packed amp late almost 1520 mins made india
5,sir plz help get handicap id card online ticket booking irctc officials cstm stn helping
6,thanks quick responsestaff attendedinform sun window screen sorry misunderstanding part
3,12142 please enquiry pantry carmineral water neer salecoming station santasale water local company
5,dearsirmymom gt60 yrs law 46 hv cnfrm ticket yuva pnr 2547183534 ub bth fplz help forub lb
5,ajmer exp people sleeping local coash senior citizen ladies many people standing
0,train no12791 coach b2 water toilet since morningkindly help
5,dont know transgenders enter sleeper class without valid ticket bag money bother young boys
3,water point vendor pf charging extra money water without reason
0,cleaning staff railways dumping garbage gaps vestibule area
4,sir mai month 56 bar yatra kr aur aaj bhi kr rha 22408 anvtbsb se aur hr bar ye late aur aaj bhi late
3,sir get paying cheating name food
0,boarded train number 04416 starting new delhi station b2 compartment completely dirty
6,replace boggie latest
0,last night travel badneramhfound cleanlinesstoiletswater dispenser bad shape
0,water b1 15232 since noon people buying mineral water go washrooms please help pnr 6352338749
7,attended kota please share mobile
3,vendor simply overcharging charging 20 rs instead 15rs printed mrp
3,thnks baby food selected stations cant essential medical stores jan aushadhi scheme
2,middle birth fall sleeping lower birth due technical fault middle birth
0,presently traveling tata nagar jammu muri express18101we facing lot problems mainly water toilet
5,get aadhar passengers travelling get details automatically mobile nos send ticket details
1,sir fir lodged grpmgs vide crno nil12716 us 379 ipc transferred grpndls
4,sir ndls st plateform counter one no8 active commuters facing problems
4,train 12724 halt since 30 mins hazrat nizamuddâ
2,2139649203 name ahmad ali d2 sheat 29
0,travelling extremely unclean compartment falaknuma 12703 cleaning done compartment b3water loggedâ
6,
6,mumbai locals collapsed first day monsoonhope suffer season
5,travelling 12955 frm mum kota sunshine vendor charging 25 rs ice cream rs 10 evn objecting refund
0,train 19168 facing horrible cooling problem since early morning necessary action
6,
0,12111no water b3 b4 raised ttecalled igatpuri action bhusaval pls help
0,difficult locate dustbin wardha railway stn expect keep clean
4,benefit paying 20003000 sleeper tickets train running late
5,mother cancer patient get confirm ticket
5,say service got promptsample thisfiled tdr 13th feb 16yet get refund
4,ntes national train enquiry system updating mumbai localtrain running info properly
0,pnr 8248171565train no12141 train started hrs back toilet dirty light toilet water
0,rt fan working train12295 coach s24748 please assist
6,railminindia responce railway plz look matter
3,food quality bad behaviour vender rude
4,train no05514 hours latethis train suvidha waiting train least hours
5,must check online tatkal ticket conspiracy agentsfeed publicbeingcheated follpublic govtloot
7,kindly share pnr number action
7,matter fwd
5,use unused ticket today express fast passenger 4pmtoday buy new ticket
7,matter advised concerned official necessary action
0,fan isnt working last hours time peak summer help pnr 4512791357
5,booked eticket pnr number 6153163290but till receiveing ticket message resistor phone number
0,charger points complete bogie malfunctioning need immediate attention pnr 4512791357
4,train 12903 stuck kosikalan palwal since one hour info start overhead wire broke
5,irctc looting customers non confirmed tickets deducting 20 even non confirmed wl tickets
1,help help handbags valuables stolen safe travel indian rail pnr8145511i318345511270
7,kindly share pnr number issue referred concerned officials
6,
6,check pics railway failure
1,wifes golden chain mangal sutra snatched train pnr8402856864 location
5,disappointed trying ticket past one half hours travel
0,ltt dbg suvidha train 05514 working fan s1 locomotiveside fan
5,plz remove berth preference tatkal bookingwe want tkt anyhw berthso ur choice metis jst time consuming
5,ive called railway enquiry didnt receive satisfactory answer
0,pnr8347596623 sirthe ac working coach tte refused write receitfor refund
0,unable sit due sticky stains berth pnr 4512791357 help immediately
3,pls needful get water train 18104 tata amritsar exp b1 coach
5,irctc site show side middle berth optn puriypr garib rath amp ticket shows side lower
5,wonder tatkal ticket booked agent general people
0,air conditioning effective a2 coach mysuru express chennai central
5,booking tiket irctc payment done tiket booked happened twice refunds till irctc
1,urgentpease hlp sis travlng vid 9months baby 2kids intrain12479lost reticuleshe depressdpnr2419055140
0,train 17623 pnr 4320497723 housekeeping selling water dat viz printd rs15 ttes presenceno soap toilt
3,unauthorized vendors selling food beverages water train 14645 taking overprice9451010334
6,rt hot newrelease bestselling author grace goodwin pnr scifi tw4rw cyborg beast grace goodwinâ
5,sir train 19046 overloaded wid wait listers amp current ticketers due confirmed passengers problem
4,train 12308 hours ssm jn cant get running status aur cancellation info
5,ticket pnr 8465175527 cancelled id 100000083493884 refund received yet
0,water wasted lttmumbai action taken station master
4,train overtaking dis suvidha train inspite double track train stopped hours train psssed
0,good morning india sir chapra railway station stay tapti ganga express clean general bogey plz rectified
1,guy missingname avinash singh age 23plz help find 7873737047 9938178192
4,varanasi sealdah upper india exp getting late everyday much depending trainpls solve problem sir
4,filed tdr 1st may response till train diverted much delay response pnr8646785551
7,sir matter great satisfaction missing person tracedthanks calling us
4,loss rupees 2500 monday due 25 hrs latency jbpind express bad late without reason got late ofc
0,frequent traveller 16022 16021 train initially saw dust bin cover sleeper could find reason
6,habit make crowd dhkka mukki tickets
0,respected sir please clean coach train 19327
1,security pssngrs trains real prblm eastern railways everyday chain purse snatching takng place
5,rating coach qualityrank cr2 wr3 nr4 nwr5 scr sachkhand exp rake poor
7,sorry inconvenience complaint attend itarsi
0,pnr 4512791357 mosquitoes flis hovering pls cleanup tt responding positively
5,ghar satyanarayan ka paath karvaya haishayad ab mujhe dilli ki ticket mil jae
5,ajmer exp people sleeping local coash senior citâ
1,joydev gangully 8616 returning falaknuma express around 517am two atm card amp cash rs 2000 stolen
6,train last 23 coach
1,traveling 12947 s10and security railway see security person 930 430
5,appreciate grt wrk pls look irct site also tatkal bkng hrs joke prabhukiraftaar
4,railway making mockery passengers called suvidha express unnecessarily running late 12
0,19259 water s6 stinking sad plight10jun
5,isnt tatkal booking allowed every station counter unable book teghra stationtga
3,open corruption done pantry car ppl train 12562 swatantrata senani express
5,refundedplease provide justification deducted amount
6,
6,traveled stations last days never seen stations clean hygienic coaches amp toilets also clean kudos
3,appreciate efforts rly ur rpf menaceall time eating pantry passengers dont get service
0,monsoon kerala train 12075 leaking windows shut properly pathetic plight
0,starting end coach closed doors like ac coach stop smell entering coach toilets thnx
0,duranto exp12262 food excessive spicy unable eat cockroaches roaming inside toilet stinking coach be1 seat 343537
3,city first get water atm rly stationwhich cities installed water atms pls reply asap
0,toilet b3 coach 11081 leaking please something asap
4,local train service bad harbor line place commuters please help
3,adulterated water given ppl paschim expressvendor refused2 give rail ner
0,pnr2646997109 trn02396 b2 ac didnt wrk al starting plz refund ticket thanks
0,pnr2865480614 mobile charging points working please resolve
4,sir train 12276 running late hrs provision even getting tea board passenger
4,train number 13288 delayed hours ntes says time reached
1,sir fir lodged grpjaipur vide crno0011516 us 323 amp 341 ipc transferred grprewari
2,please help pnr number 2820176609
4,one taking responsibility either ndls bza supposed delivered 4th work suffering
4,let trouble train got cancelled without informationmy journey stuck betweenâ
3,dear sir took good initiative wateratm machine dispensing 900ml water price 1ltr
1,sirplease hlp sis travlng vid 9months baby2kid intrain12479lost reticuleshe vry depressdpnr2419055140pls asist
1,sir missing girl could traced pl lodge missing report grpsiliguri
6,rt
0,first class coupes ranchi hatia express old poor air conditioning replac
3,sir catering services double decker train no12583 lko anand vihar termina poor venders irctc selling poor
0,uncle trevelling train 15656 coach nob2 found toilet coach dirtyplz something
0,train 15005 ac working dirty
6,sr aap kya kahenge koi action lenge aap ya nahi
6,great prime minister works 24x7 great work
0,educated people leave india coz poor quality life want high quality railways railway stations
7,
7,official concerned advised look
2,sir long time publishedin 0315 panel cen 022014 rrb guwahati bt yt medical nt taken
0,water supply washrooms last hours pnr 4512791357
1,many unresered people coach lead security issues8647770808 pnr coach s12
6,swachbharat looks like
4,fzrkir special train 05718 beeb delayed 700 hours whats reason delayed nobody care special train
3,booked ticket bbs duranto cnb bbs 26052016 1cnfrm nd waiting seats food provided refund
0,berth env quite unhygenic insects wandering pnr 4512791357
1,nzm rly station think guys playing security country amp passengerdoserious
0,water sl coaches 12801 please needful next station pnr6252433960
0,travelling 16227 s6 toilet smelling horribly sorry rt handle complaints
6,awesome posted tweet
6,thank lot showing quick response helping sister efficient team doctors
5,tt accepted bribe train12344 coachb3 allotted seats wronglyhell get malda shortlyact soon
6,sir want action tweet fomalty want improve râ
2,medical issue need ac coach ready pay extra cost ow cancel journey pnr6755770127 train18006 plz help
0,kaithal haryana india whatsapp 08684039437no cleanings station plz massage related staffthnx
3,rt im general ticket counter nhh stsn clerk says tkt given 30 min train arrivalâ
4,12930 dahod valsad superfast train today 25 min late train single day coming onâ
6,changed passenger centric face railways visâ
5,name passenger wrongly written ticket due passengers fault correct journey date
0,sir ye toilet mumbai central ke main line ke upper hai yah toilet ke rs lete jab ki railway rs hai
6,thanks help
4,train 12501 reached mgs amp still running 915 hrs latepls care
0,whole berth area shatterd peels various organics need immediate cleanup pnr 4512791357
7,sir father traced vizianagarm handed ur brotherthanks calling us
4,india ac waiting room charge premium 30 hour chennai egmoreâ
4,take chocolate first place need change
6,unless fine people make messdirt railways like dmetro clean railways dream
0,please send immediate help 19046 train running without water toilets
1,mom travelling 4m train 11094 pnr 2762510778purse stolen nt cntctble rqst manage cntct 9673760221
4,double deker train always late face problems ac function poor
4,pnr 6552618649 visa appointment tomorrowtrain already late hoursplz help
5,prabhu aap bhi gya passenger get tickets
4,2n parcel supposed loaded day unloaded next daytill date yet loaded
7,kindly share pnr
4,12505 north east express delayed 645 hours someone see reaches anand vihar soon possible
0,prabhu sir passengers traveling rajdhani first ac definitely deserve clean bathrooms soaps apart clean coupes
0,sorry inconvenience complaint attend itarsi
5,15 tatkal agents front nagpur railway station vo kisi aur ke naam pe ticket nikal rahe hai plz help
6,sir unable understand spent crores bg gkp gonda via bny route train delhi
5,bribe enough convince travel reservation coach
4,plz install coach indicator displâ
0,ticketless travellers tteless coaches tapless bathrooms waterless flush fecesfilled toilets22
6,rt noise pollution mean loud sound continuous unnecessary effectless announcements amp undesired irriâ
0,3rd ac tno12833 coach b1 worst coach
5,please help one poor villager hirakud station sambalpur divi
1,please hlp sis travlng vid 9months baby 2kids intrain12479lost reticuleshe depressdpnr2419055140
6,dark pursuit pnr holiday story sale 99cents
5,dear sir pnr no2337832847 train no15622 chapra new bongaigaon still showing waiting list iâ
5,ppls queue waiting tickets clerk railway dono rhe hai
4,trains running late daily route bbstig please sort immediately sir
3,suvidha railway charging muchthis called real loot name confirm ticket without water food 05527
6,new bongaigaonassam railway station clean railway station
0,sir travelling coach d2 seat 2223 12498 sorry say wastewater washbasen coming intoâ
5,lady picture named bharti lal facilitating brokers instead duty
5,tried buk tkts thru irctc st tr no12310 getting confm tkt terminated transaction ac debited
3,hello siri traveling 18233 many water bottle seller everyone asks 20
5,irctc site opening tatkal timings
6,
4,understand 139 train number 22996 departed yesterday ajmer delayed 24 hrs please reconfirm
3,awaiting action still paying rs10 tea costing rs5 every food itm highly ovrpriced
3,pnr2117701021trn 12394 give rate list veg food train charging 100
7,kindly share pnr amp contact number issue referred concerned official urgent medical assistance
6,travelling right mumbai rajdhani amazing see coaches cleaned
6,wonderful initiative making railways customer centric
1,rlys providing textbook resolutions complaints lodged webportal use complaining
4,train 13005 rescheduled 2105 still departits sadalready hrs late howrah
6,respect 23 people lost life elphinstone bridge2017 must remembered manner wheâ
3,even extra paid ticket seat foodwhat shame tt amp attendants say want
4,kindly send anyone railway staff attend 14203
4,sirplease pay attention 12395 ziyarat express always late hours agra fort station
5,tc took bribe trade checked rac seatpnr 2418223103spent hours lobby night pls tell report
5,ive trying tatkal ndls jsme 12304 since last days either server gets unavailable finish
0,trn no14854 pnr2319103685 charging socket coach a1 working properly tripped several times
6,rt
5,irctc ticket id is3512299i contact carecoin many time recieve two ticket copy book four ticket
5,responce railway plz look matter
0,pnr 2547268804 ac working 2ac coach since morning passengers sweating
4,22640 late hrs need catch coromandel 4m chennaiplz help thr many passngrs wid kids suffer
5,refund proc time weeks doesnt railways money give back refunds tkt canc 305 stl credited
5,tatkal ticket booking site doesnt operates smoothly booking ticketsplease look matter sir
0,pnr 4512791357 fan chocked repairmen came bt couldnt fix peak summer
5,sir please shear contact noamp journey ditels
6,
0,prabhu punctualitysafetycleanliness basic requirements plz
7,kindly share pnr better assistance kindly look
2,sira couple traveling sc train 07092 2yr old kid due train delaymilk tâ
0,valve number 136 platform number open water draining sewage please instructâ
5,sir please respond tweet regarding extra birth train 14392 pnr nmbr 6655715274thanks
6,
6,
6,request ensure cleanliness westernsouthern railways reported issue last time
4,train 13288 delayed hours ntes showing time reached
5,sir local coash pls search location google maâ
1,cant increase security check railway stations like metro stations feeling safe best comfort
5,able get tickets counter ticket agents high rate unable get online
7,sorry inconveniencematter noted
5,due give bribe 400rs booking cleark ahmdabaditem name leave ends 13 june kindly look
7,rt please share pnr
5,surprised rac ticket get wait listed chart preparation pnr 4220401870 rac 56789
0,travelling without ac ac coach 8th may water available washrooms need great indian railway management
3,train no12583 irctc selling poor quality water food itemsplz see rail neer nt available train
6,thanks sir always new initiatives food_at_railway
4,sir traveling train 12183 jhansi lucknow train also late started
7,scheduled fly ccu kl tomorrow pnr werkxb got email saying flight beenâ
6,hats team thanks
1,travelling 11085 goathis train lost semblance timeliness stopping unscheduled stops
5,refund till date last 1personmore 3is overkindly refund money
5,1n booked luggage via prr 4000374907 6th june 16 ndls pnbeit ticket
5,train 22182 tte take charge 200rs per bearth allotment nd rac passenger travelling sharing bearth
6,rt scrap498a 498a weapon extort money coz 498ajailsinnocent familes emergency clerk give tickets giving
4,delaying already delayd train bcum anindianrailwaysthing waiting train 16360 hours
5,sir pls help travelling family still seats wl pnr 6149334953 njp dli dt11 june plz help
5,unable book tatkal tkt frm chennai blore sleeper classbnglr mail irctcsupreme service digital india
6,rt ministry railwaysâ launchedâ 1stâ swarna rajdhani train 12314 new delhi sealdah rajdhani rake todaya majorâ
4,rt hours journey completed hrs excluding waiting time 35hrsu take responsibility mostly trains late 5tâ
0,ac blowing warm air pnr 4512791357 feeling die closed compartment
7,kindly look matter
5,impossible get tatkal tickets dis reservation centre totalscam
3,sir traveling train 12816 nt catering service provider nt selling railneer
6,thanks sir todays proposed starting saharsa purnea line ecr request start hate bazare line
6,board entertain system bad shape adds repeated every 5mins good work sectors nullified
3,today ordered thali comesum thali delivered single roti
0,big mouse found berthplz help cant sleep pnr 4512791357
5,confirm ticket kar de back pain peresisting pnr2863707393trn12824dt10062016frm nzm apr
5,irctc shit failed booking tickets many times refund money
5,tdr id 100000384344779 ticket pnr 4628010989 filed train cancelled refund yet
2,bags stolen mine copassenger imp documents pnr 4512791357
5,please look non refunds processed tickets
7,matter brought notice concerned official
6,win 50 amazon booktour giveaway bookboost paranormal romance wolf shifter pnr emiliahartley
0,12190 ac working kids old age suffering vaccume 45 degrees last hours pls help next stop gwl
0,sabarmati 19168 coach a1there proper cooling facing problem since early morning please necessary
6,respected sirsthank quick action response rahuâ
3,traveling pnr8348054662 water bottle provided hot nondrinkable kindly helpfeeling thristy
3,please insure every vendor carry rate list approved railwaysthey overcharging passenger
4,12501 gettin furthr late aftr kanpurlate 1130 hrpls care
6,please call serious complaint
7,sir message given sseumb matter forwarded
6,cases way please suggest solutions
7,kindly share pnr
1,mob snatched moving train trn 12002 e2 pnr 2765527534 one helping fir frustrating plz help
0,hasle begins first day rain mumbai train time table ther wont smrt dry modern station neari time
5,ticket counter kalyanidoesnt open seldom thoug helps numerousuhh
2,irctc 7367669 emergency plz help
3,pantry car services provided mumbai varanasi trains
0,11014s2 coach cleanlot incect disturbing pasengerskindly clean coach salem
4,ppls queue tickets without time limit trains getting late late
7,matter notified concerned officials
7,comp 437 matter forwarded look matter amp kindly prâ
5,still see service charge booking tickets online
3,pnr4319402198 nijamabad stn platform selling water bottles rs 20
4,mumbai central locals late everyday peak hours even raining yet
4,expectedmy parents missed trainno help youdisappointed
0,lousy food rajdhani dbrt toilets hell cant even step in1
0,sir water b2 coach also clean train 04416 really difficult travel kids pl something
7,mail forwarded mentioned screenshot
6,please select 45 medical passed candidates rrc allahabad employment noyice 012007 group 45 vacant vacancy
1,need help teain 12192 bag stolen police available file complaint
5,need helppnr2863707393trn12824dt10062016frm nzm aprclsslp1rcs955having back pain req confirm ticket
3,ben sending msgs lst night 58888recvd replyam wrong ask fr ny refund
5,want buy tickets saraighat exp 1210 frm hwhbut last days within 30sec ac tickets sold
1,women gave birth babyplzzz send police also feud happening babay
0,train no12423b1114amp16disgstin behavior da atenderpoor toilet condtns
6,thanks sir light came
3,planning make catering charges shatabdi optional
0,travelling 09456 frm gandhidham surat water b1 paying thn normal fare special train
2,nothing happened yet didnt receive call reach destinationâ
2,finger brokenof frnd falling upper berth find medical assistance pnr 4512791357
7,sorry tweet received doesnt contain complaint
3,pantry officials billing us double printed complaints vain pnr 4512791357
5,rough language sir small advice ticket collecter ko sikya jaye ki passenger staff se kaise baat ki jti ty rly ministry
6,rt atm contract signing construction pnr clark phase tutubanmalolos project bet dotr nstren consortium
4,never travel 12189 12190 two hours already late dinner may available gwalior
5,ticket remains rac even chart prepared isnt logically wâ
0,train 22462 b7 poorly maintained yesterday toilets dirty today water toilets
0,unreserved people sitting near toilets female passengers finding difficult use washroom pnr 8647770808 coach s12
5,refunds pnrs 4631100452 4738172060 4116851372 4836735071 pending since 30th may 2016 pl hlp
5,payment done ticket issued cant book tickets 12
2,pnr 4512791357 need mdical 1having blood vomits
6,sir thanks appreciation
3,travelling train 22634 delhi udupithere water shop available trainin ha coach
5,sir response anywhere neither tdr rejected pnr 2763153576
5,2ac ticket status changed rac12 wl whats happening indian railway jai ho corruption
1,sir fir lodged grpkota vide crno15816 us 380 ipc dt040616
4,dear sir kisan express 14519 regularly late arrived hisar complaint tweeted manyâ
4,dadarbikaner express12490 running 130hours lateworst travel experience lifeand dreaming fast bullet train
6,hereistitle
6,pnr2337792679 trn12802 dt02122017 frm mgs ctc cls3a p1b154 sir lost shoesmay one stolen
0,leakage roof train 16346 coach b4 toilet near toilet area repair
4,sir waiting train 12584it time 2pm hour late still delay enquiry kindly look
6,
5,one day railway official plz try booking tatkal tickets understand tickets booked counter
4,rt provide 1min stoppage karnataka sampark kranthi haveri
5,pnr 2816590786 amp 2815712288 one s5 35 allotted two persons kindly help
0,boisar station last week clean platform tracks
0,coachg16 12878 condition bathroom coach disappointing water bathroom pnr 2761985743
3,price water bottle train
5,sir today tried tatkal booking 1058 server allowing login horrible exp hope needful
0,sir water coaches s2s3 train 12167train jabalpurkindly refill water
4,train 12554 also hours late gonda station train hold amp wait 12554 coming amp pass train
1,sir lodged complaint wnrlko000131407 dt 06062016none replied kindly intervene
6,rt commodities registered robust growth steel 16 cement 10 containers 13 iron ore coal 2â
5,tatkal agents
0,pnr 2219054565 coach dirty cleaning facility evn dustbin full inconvenience caused
5,seeking clarification book tickt frm statn boarding statn tt cancel ticket till station
0,one sit anywhere water every inside compartment
6,
5,sir one detail
5,iam forced travel bza track ndls refused help horrible situation
0,pnr2647285212train22471railway says provide free wifi train wifi working coach
6,whats point paying dynamic prices cant run train time suvidhaexp
3,catering team even selling railway waterselling water different cmpny without sealed pack
3,delhi amritsar shatabdi 12031 horrable food attendent even bring complain book raise issue
5,also help detecting frauds black marketing sorts tickets hope would like idea
7,kindly send anyone railway staff attend 14203
5,following refund weeks responsepnr number 4737606454
1,send police officer immediate take action
5,please take case cant keep calling irctc number doesnt get connected
0,sorry say bitter true patna jn still dirty platform rail tracks
7,kindly share pnr number issue forwarded concerned officials
3,namaste sirwhy make accountable caterers proper stacking food plate
1,sir brother could traced despite best efforts pl lodge missing report grpvaransi
5,railway going fast still tatkal ticket booking irctc site like running tortoise speed
0,one charging point among six passengers ac2nd train 12321 pnr 6655497313
0,travelled train 16649the c2 coach infested cockroachesinformed drm tvm response
4,auto signalling done dliumb route asap trains running late
6,railway performing best
3,pantry charging rs extra mrp cooling charges colddrinktrain 12802 pnr 2219094093 s248
4,unable contact person plz call given sry late rply
5,irctc looting customers non confirmed tickets deducting 20 even non confirmed wl tickets weird pathetic
0,train 09810 coach b1 ac working passengers suffering lot
3,plz let know fine charges onboarding vendor comp ladies spl trn sdh div
5,mobile charging sockets working seats ticket pnr 4631896219 need appropriate action
5,need book full coach need help book coach tickets transfer please help
6,sewa launchedinfant food available nvrr platform2palakkad jn
5,sir paid 500 staff platform ticket asked reciept name threatened pay 1000
0,pnr 6253134881 train 22940 dirty toilets bedroll pathetic please help
6,stopstaggeredrestcil
4,train 63142 stopped due engine breakdown since last 2hrs creating long agâ
6,found fun passengers couldnât differentiate bw real toy pnr 4512791357
5,4din se delhi pe bhubaneswar kelie tickets nehin milraha train mera dost interview kelie aaye plzz helpus plz
0,water wasted lttmumbai action taken station master
0,water pipe broken platform sbc bengaluru majestic kindly fix
3,sad reality ur railwy sir afford water live wtht wifi pls sir fix basics
6,amreading urbanfantasy uf ufart urbanfantasyart magic booksaremagic amreading pnr paranormalromanceâ
7,rt true strict action taken ppl months back issued rate lisâ
5,tried book tatkal tkt made payment 1002 days failed get tkt agent manage get tkt smell rat
4,train 63142 stopped due engine breakdown since last 2hrs creating long agâ
5,want book ticket ndlsnjp 12june rajdhex almost ticket already booked tatkal
3,train 04972 g11 catering staff offering fix meal thali rs120 take option available jatjai
0,water wasted lttmumbai action taken station master
5,may take cue global companies train travelling ticket examiner
5,bcoz agents nt able book tatkal tkt ranchi head post office look black marketing tkt
5,sirpls make online facility general tickets throuch irctc like portals
6,performance appraisal variable pay obvioâ
0,pnr 8147850160 train 59014 s2 coach suspension working getting heavy bumps head please repair itnow
6,catching agents solve problem like instead increase time booking counter tickets like irctc 35secs
5,booked ticket online didnt get sms mail confirmation reservation
5,trying book tatkal ticket mfp ndls last week failed due poor website performa
5,ticket collecter full support railway employs groupd allowed coach train ticket collecter use
0,pnr 8347300928 mobile 7055129100 coach toilet dirtyno one customer
3,pltfrm pnbe sells softdrinks5 amp railneer even thgh clearly written
0,extremely dirty bathrooms ac tier coaches 12552 overall maintenance cleanliness seems par
4,want inform train no12562 run late regular basis please intervene correct timingwhy always run late
5,bad experience railway tte g3 12984 seat 10 tte even rplyd prprly wen asked abt seat ladies
6,rt action taken juâ
4,coach location sign boards ludhiana jn hard run aware ldh jn busy station
1,sir fir lodged grpraipur vide crno 9416 us 379 ipc
3,pantry manager promised look matter hope never continues thanks help
5,huge rush tatkal tickets bem stn ticket window asks extra rupees ticket pls intervene
4,rt hours journey completed hrs excluding waiting time 35hrsu take responsibility mostly trains late 5tâ
5,mission min fail decpassanger getting tickets min
4,train no12488semanchalfrom anvt patnarunning late4 hrs daily basisplz needful
3,veg thali paid rs50
4,train late hour
6,rt sh vishvesh chaubegm nr undertook surprise inspection new delhi stn amp took stock passenger amenities traâ
4,rt ntes national train enquiry system updating mumbai localtrain running info properly
5,bought 1st class ticket western rly local train board oldest train running li
0,board housekeeping info stickers tampared housekeeping rain water comming windows
0,dirty toilets 12423 dbrt rajdhani express coach b4never expected rajdhani train
0,toilet dirty s4 coach saraighat express 12345contents toilet flowing
0,water wasted lttmumbai action taken station master
6,
4,dirty kamakhaya plateform see mentally retaired people bagger plateform cleaning
4,im train 02366 anvt patna suvidha dynamic fare paid rs 1800 sl pantry amp train late
4,tweet suburban central trains late 2025 mins peak hour jam packed made india
4,travelling 14512 nauchandi express train already late hours causing great inconvinience
3,charging rs etc per water bottle behaving badly
4,announcement 12431 schedule reach panvel 1805 pm 21217 please respond
2,immediate medical assistance needed kanpur rly st brahmaputra mail gen coach near engine
6,cant justify station approval distance kms place reserved mentalhospitâ
5,complaint non allocation lower birth senior citizens responded mail sent 22 may 2016
5,sir examination kolkata 120616 conducted wbpsc ticket confirmed pnr 2647308179 pls help
3,rt never love tasted saltysweet never fate burned hot pick 99 copy oâ
5,plz stop thisthey carrying goods without tickets lalgola memu nw
7,sorry inconvenience matter noted
3,sir water bottle rs 20 tea 10 villupuram jn take action
1,sir fir lodged grpvaranasi vide crno nil9416 us 379 ipc transferred grpkiul
3,paschim express vendor doesnt give food per menu nd doesnt give rail neer watervendor mr aggarwal
5,sirwt shall consumer irctc doesnt take care issue thr telephone customer support worst ever expgt
5,sirtatkal tickets closed within secondsafter one hour agent sales ticket 600rs extra base ratekindlyclose
5,sirohi rajasthan railway counter hacked unauthorized agent poor public facing problem governance
3,wish food unpalatable amp unhygienic toilets unclean 12006 9616 c6 train travel ordeal
5,sir staff caught ttr yesvantpur blr platform ticket asking fine rs 650 right amount
5,irctc website better lalus time common man plz allocate sometime tatkal quota common man
3,give replydoon caterer habitual offenders wâ
0,proper maintenance samatha express light fan working pnr 6655960301
7,rt sir sri mohd jamshed mt sri pguha principal edcoachg kindly reâ
6,follow pm idea stop corruptionthanks ministry railway stoping tatkal ticket corruptionthanks
5,trying connect irctc since 1100 tatkal couldnt even login
4,pls see train kerala delayed 12696 tvc mas sf schde630 pm kollam arrived station 6â
3,veg thali paid rs50
3,quality food worstpnr2865039072train12038doj100616ccldhndlsdep1640maitali1c4 45c4 44
3,12512 vendor asking price actual price listchappati egg rice everything high pricelooting ppl money
4,train 12485 currently delayed hours hve connectng train 12055 catch frm new delhi station help
1,pnr 8553246148 1142 mobile 7300113446drunkard passenger sitting beside harassing fâ
5,booked tkt 90 days early train num 12166 coudnt get confirm plzz sir help seat num s6 39
4,sister traveling train 50106 train hours lateâ
3,pnr 8535414980 railway caterers providing menu card food kindly help train hazrat nizamuddin
0,poor facilities mahanama express water broken taps sleeper coaches train running late approx 1hr
4,sir matter tweeted still progress resuming train 54212
0,train 29019 coach a1 2nd ac kota ac working water parents well please help
4,sirthe train status bit confusing
5,kids age seats allocated coach 11 please help get seats single coach
6,rt rt treat romantic adventure among fae weekend amp enchanted free wâ
2,medical issue need ac coach atleast sbp anyth possible plz help train 18005 pnr 6552902495 ready born extra cost
5,sorry inconvenienceyour complaint attended cnbstn
0,train 12547 coach s4 seat 56 fan working
0,nowater s10 coach purusottam exp 12802 deparyed allahabad
6,thanks lot good activities railway passangers safe journey
5,typo error pnr 4840535080 typed rajukmar instead rajkumar booking tatkal please advise shd
3,paranthas rotis baked properly dont understand bread cutlets served breakfast likes
7,2139649203 name ahmad ali d2 sheat 29
0,water wasted lttmumbai action taken station master
4,booked goods luggage 15 nov jalpaiguri sent jammugoods still despatâ
1,mam said missing lady could traced despite best efforts pl lodge missing report grpdhanbad
3,pnr 44201392215 food quality low train please improve
4,starting rain central line running lategreat arrangements mumbai local train servicehats
4,flagship trains like duronto delayed platform changed last minute total anarchy
6,1st stop ho quota 35 seats offer inâ
5,mistake made staff taking platform ticket reciept given fine paid yesvantpur blr
3,sirvendor paschim serves 3rd standard bad waterrefuses rail neer
4,attend wbpcl civil engg paper kolkata 120616 11 train 13132 late hours get help
4,54011 stuck bijwasan amp ggn regular late running train
4,train number 22481 coming 850 train number 22482 late 215 hours
6,happy todays journey train time
3,meals wheels horrible food delivrd comesum costing 150 22817asked chhapaties thali delivrd combination
5,person buys ticket online confirmed ticket vâ
0,fans working train 12142 coach s8 berth 68train arrived ppta patliputra station
4,want draw attention train running late ive reservation 13006 train yday tâ
4,pnr8647770808 bad situationall unreserved passengers sitting resrvation coach causing inconvinience passengers
4,train no14312 started 10 hours late itselfit caused immense inconvenience loss pnr874796282912
5,common people book ticket patna bangalore tatkal booking ticket 22 seat available
0,s1 coach train number 11021 cleaning washroom yashwantpur
3,even superfast trains equipped pantry cars
4,sirits 2010 ive waiting train 21126 last hractual arrival 1930no announcements delay
7,sir matter great satisfaction missing grandfather safe reached home safely
4,complete mess western track mumbaitrains coming lateover crowded
4,rajdhani even getting late
3,rt hello sir mai time malwa express train number 12919 hu abhi vendor se food ke rate pucha usneâ
0,train 12656 water train taplook matter
3,train 12015 irctc serve pathetic veg cutlet full breadcrumbs amp taste
6,rt highland moon enchantment mary morgan historical pnr via
6,rt commodities registered robust growth steel 16 cement 10 containers 13 iron ore coal 2â
7,please share train
5,asked bpt tickets bilimora station clarkhemantbhairefused giveneed hel
5,mean na
0,pnr 2118887897 train number 12983 bad experience badding wrapped paper even washed
0,pls arrange water toilets train 14236 ab1 coach
1,sir missing report lodged grpajmer vide 39316 dt 01062016
3,train 12562 swatantrata senani express people pantry car selling 15 rs water bottle 20 rs
4,12501 gettin furthr late aftr kanpurlate 1030 hrpls care
5,dunno cancellation charges levied auto cancellation tatkal wl tkts
0,train much dirty requesting clean passenger trains also well sf rajdhanis
2,sir requested fr wheelchair fr old mother bareilly station help providedi disappointed
6,instead giving bread sticks provide rusk cubes indian culturemost dnt know hw eat
4,train 12948 standing naini jn hours one must accountable delay train
3,pnr2318610324 12304 vry rude rail wheel caterngvry late servcetill nw didnt get dinner
0,pnr 4120038313seat 65train name west coast exptrain 22638place clean
3,res sir rewa madhya pradesh ke platform par jo bhi vendors hai sabhi printed mrp se jyada rs buyers se le rahe hai
0,05513 water s4 coachamp time train delay 4hr duvidha train charges 1800rs itarsi cross
5,booked tatkal ticket todays train wl 10 chart prepared refund procedure
0,sir charging slot workingmy idpnr8348027182trn12149dt09062016frm pune pptaclsslp1s15354
0,rt sir travelling coach d2 seat 2223 12498 sorry say wastewater washbasen coming intoâ
4,fearofdelayed
0,pnr2647010144train04416 b238 charger point working plz get fixed
0,dirty toilet coach b5 12509 exp pls pls pls something pnr 4120563680 divyanshu mob7847932526
2,pnr2218962027sir medical pro sprain leg nd tckt cnfrm rs7pl help pro
0,s2 s4 toilet choked 11093 staaled cheeoki past hour
6,take serious action people understand rules lâ
5,total irctc website unable book tatkal site reachable form last one hours
3,bad quality food catered kgp bbsndls rajdhani categoriesed average standard also
5,want ticket print dm pnr etcu also check whether refund processed toâ
5,last got ticket lko travel mb lko question ans
0,till action taken
4,everyday magadh exp 12401 running late 3to hrs without reson anyome responsibility pâ
6,
0,proper water supply wash basin also area unclean pnr 84 03 995416 kindly assist
1,forgot laptop bag s1 seat 14 train 12939 pune jaipur jaipur stn cards laptop cash 12
3,rt never love tasted saltysweet never fate burned hot pick 99 copy oâ
5,pnr 2114959413 2a seats 3456 ticket printed lb ub tickets 2ac side seats possible
0,torn seat pnr 4512791357 filthy environment need action taken
3,purushottam express pantry serving food rather serving comesum food plz clarify sir
5,sir plz help confirm 1st ac ticket pnr2119063322sirits imp anyhowplz helpif poss lower ac seatplz confirm
4,plz favour jaunpur jn jnu one foot bridge covered coachesâ
1,kindly look
6,dont tag concerned guy like mr
6,ald jn never looked clean
5,user id macrohit date booking 281117
0,night lamps working 12603 s6 poor maintenance
0,train 12423 rajdhani express sure need drastic improvementpathetic fooddirty coachfoul smell washrooms
1,security train 64231 today gaurd sleeping train runing
3,pltfrm pnbe sels evry sftdrnk amp evn railneer mrp5
0,condition inside 13072s general bogey worst animalspeople forced sleep doors please smth
0,sir travel bza nzm pnr 4840443558 fan working please help
4,travelling train 22308my pnr2418119569 seems like general coach instead reserved one 12
0,pnr 8247593110 11041 fanamplights working train halt hot stuffy please help
0,ac working properly a3 coach train 12295 currently near jabalpur
0,pnr8347596623 sirthe ac working coach tte ready make refund receipt
7,matter forwarded concerned
6,attitude railway
7,banasthali niwai bnlw
6,ongoing days facilities available proud rail great start provide baby food
0,ac working b5 malwa super delhi 12920 need engineerpnr 2644456080mob 8725029661
5,several mail complain didnt get refund cancelled ticker pnr 6752845500 6653074754 week
3,sir tea shop platform no2 sa caterers gadarwara station selling rs tea 10 rs
3,rules british india still exist railwaylost section engineer job junior engineer job bcz medical standards
0,pl note 2nd ac a1 coach sabarmati 19168 ac working passengers getting sick heat
5,pnr 6305720206
4,22640 late 3hrs need catch coromandel 4m chennaiplz help thr many passngrs kids suffer
6,thanks lot prompt respons much appreciated
0,sir pnr6153065592 bogie toilets washbasin blocked passengers evn dirty water tap locatn burhanpur
5,good see changes railwaybut really amazed customers charged wait list cancelled ticket
4,sir eastern railway ki local ki halat kab sudhregitime pe chorti nahiagr baje ki train ho toâ
7,sir kindly share contact number journey details specify placeâ
3,sir something old vendors gave service long time retired forcely hand mouth
0,12818 departed without water a1 coach
5,pnr8246872931travelling tomorrow wife kid15yrstickets confirmed berth unallocated get lower birth
5,sir board rajdhani express wait listed tatkal ticket
6,
5,receive refund failed canceled tickets 22nd may transaction ids 100000514877723 100000514877729
4,b2 18th coach engine
6,thanks destination alert today azad hind express badneravery good
0,pnr 8535486976 dirty used blanket used bedroll given one responding bad
6,cleanliness guidelines set passengers amp ascertained strictly followed
6,rt ðhighlander hellcat ðquirky veterinarian ðââï paranormal romance fantasy free kindle pnr audiobook audibleâ
1,handbag stolen travelling delhi warangal train
0,response staff asked ac reduced freezing cold coach c6u 11085 pnr8403884907
4,trains bbstig route late minimum hrs long timemay know sir much_difficult
4,sir t02396 ac working pc delayed 1hr40mi plz something plz dont start special train
5,reservations date go 26 june16so plz reply soon possiblethanks railway
5,sure agents bkng tatkal tckts 10am 12424 248 3ac 80 2ac booked jst 23mns
0,water supply basins hast hourscontacted tt vain pnr 4512791357
5,railminindia dear sir pnr no2337832847 train no15622 chapra new bongaigaon still showing waiting list iâ
5,cant make bookings app 8am 12pm frequent traveller enable us book tatkal tkts
7,officials concerned communicated issue
0,unbareble smell es couch 16517
4,missed connecting train12525 due delay first train12318 8th june 2016 irctc refusing refunds pls help
5,ticket conflict contacted ticket collecter vain pnr 4512791357
4,train 12183 made unnecessarily delay
5,couple months tatkal reservation failing post online payment causes unrest amp trouble among passengers 12
0,pnr 2861119352 pantry supplied pathetic food also water toilet rajdhani unable reach 138
7,rt glad inform amp confirmed multiple sources newspaper distributed railways officially couâ
5,im general ticket counter nhh stsn clerk says tkt given 30 min train arrivalis rule
6,longtime traveling train vry neat clean suprb servicethank sir
3,asked catering team selling higher prices told extra money given higher officers
4,see drug addicated lady abusing mom plateform plz help
3,17318 hubli express ordered thali 2ac watery bhaji watery dal thick rotis low quality rice rs110
0,sir water coach pls needful pnr6553140020
3,improvements food quality time looks forced buy food
4,want draw attention train running late ive reservation 13006 train yday tâ
0,dirt railways come groundnuts moongfali waste food waste plz make railways clean
3,food water tckt charged filthy bt suvida worst summer spl dis service pethetic train 05514
6,rt deâ
4,tickets latest date ticket booking ie8th oct 2016 sold
0,massage 58888 noone replied yet pls sir wâ
6,enjoyed awesum jurny frm mfp aljn paid 3800 fr 3ac instead 1300incredible indian railway prabhu
2,mther suffering cancer stge 4have go tmh mumbaipls hlp get cnfrm brth pnr 2118329361 tn12138
1,pnr4320339380 coach attendant misbehaving passengers asking pillow rac passenger snatched pillow
5,sirsent refund claim appl tdr chief comm managerrefundsseron 22dec2014 refund received yet
4,sir travel train 04416 train water clear suvidha train strat time ftom ndls hours late
0,tweet first mumbai showers made havoc usual train stuck matunga made india
5,22 interview attend 13th june please help sir please sir cant afford mode plz
4,59441 runs late daily surat ankleshwar amp onwards request needfulany doubt check ntes
6,thanks lot prompt respons much appreciated
6,cleanliness across stations coimbatore tiruppur erode salem jolarpet witnessed happy speed
0,whole coach b1 suffering train 18510 left hyderabad please take action immediately
6,escalator bad idea costly installation amp maintenance potential danger safety amp corruption
4,hold jaipur due non acceptance agra division
5,please help get pnr 8535189763 confirmed traveling old parents amp months old baby
1,younger sister traveling alone frm ngp vzm rpf security personnel board train 19453
0,give pics washroomexperience completely spoiled great experience sampoorna kranti
0,pnr 6252057607 train 14649s7 47 coach doesnt lightscoach overcrowded plz smethingmo8858623000
3,varanasi bound running shivganga exp 12560 vendor selling mineral water rail neer iceling pawan brand sold
4,trains running late even source station pnr 2419148498
7,mam bag could traced despite best efforts thanks calling us
1,father inlaw mrdebendra mohanty working balasore railway station booking dept lost promotion
3,sir ecatering order delivered nasik roadi want make complain
3,train 22461b9selling local water bottle train rs20print rs15 railneer availableplease look
6,cant restrict unauthorized person enter reserved classes train
4,booked goods luggage 15 nov jalpaiguri sent jammu goods still despatâ
6,thatâs poor railwayspoor poor âïâïâïâï
1,rt train 12401 pnr 6452482046 wifes hand bag stolen lost medicine patient
5,booked ticket relative pnr2417263354filed tdr didnt travel got rejection reason passenger travelledhow
3,need water drinkno water bottle available train plz helpthis passenger family 2601697248 s8 77
5,kindly conduct routine ticket checking passenger train saharanpur delhivia meerutlost people without ticket
1,grp pplwith help police capture first part general bogie todays train 12554 smthng
0,train cleaners onboard 11086 goamumbai double decker emptied waste bags running train near vikhroli mumbai
1,lost baggage train rail police refuse file fir material inside bag worth 18 lakhs
3,dinner 12302 b9 36 amp 37 poor quality foodwhen asked menu told
3,railway vendor sampark kranti selling sprite cold drink rs 40 mrp rs 35
6,thank reply
7,rt train already departed itarsi matter forwarded concerned
6,rt thankful behalf people ofâ
6,rt read construction manilaclark railway project start soon contract construction supervision andâ
4,train arrived ddn 845am ie 1hr late ntes shows delayfalseinfo
0,boarded train number 04416 starting new delhi station b2 compartment completely dirty
6,aadhar help railway many ways accidents incidents plus perfect info
6,rt ask join dynamic leadership fight jâ
4,western railways mumbai delayed 20min halting stations long intervals due 20min rains
6,sir trn led light kyu nai lgwaya aapne
0,sirpnr 2763195241 b7 seat 15 train 22694 one listen increasing ac temp feeling cold
4,sir12303 ex_01 dec started 13 hr late delayed 20 hrs reaching ald req help reâ
1,pls advised railway tikit stolen tomorrow journey travel got window jaipur sta
0,sir train 12186 coach s26 seat near toilet dirty nasty
6,kindly provide tea kulhad instead plastic glass
3,facing problems regarding water bottles carrying vendors carrying rail neer 12566 train 9316822578 cntc
0,dear sir ac working b2 coach pnr6552593480train13239doj090616
5,ajmer exp peopleâ
5,sir der problm regrding cancllation ticket pnr 2218747109 mailed 2ur deprtmnt hr b4 deprture train
5,help failed transactiontrans id100000528040706after booking ticket
6,rt
6,cleaning staff cleaning coachs floor regular intervals
1,guy missing tuesday nameavinash singhage 23plz help find 7873737047 9938178192
6,tiger xpress looks amazingthought prices bit higher side
3,hpy gv clniness review trn bt stl wter btls sold 20 instead 15 railneer avlbl agra mathura jn
4,evry mnth remind abt project inaugurated suresh ji ballia home late pm
5,train arrive hour please something ticket get alotted another person please help
5,sri sir tatkal reservation dalali pratha kab band hoga sirjanta trast aur aap mast kyo sir
3,sir think changing menu ndlsbctnzmbct rajdhani since long veg nv meal amp snacks served
0,pnr 8535486976 dirty used blanket used bedroll given one responding bad
6,
1,pnr 6453100123 bag lost wid valuables docs money clothes grp denied fir jhansi pls hlp
4,lucknow stn 12565 announcements delay frustrated
6,amazing environmentfriendly intitiatives deccan herald
6,respected sirs thank quick action response rahuâ
5,pnr 2647132031 called time response executive fulls dont know answer prabhuji
0,water b1b2b3b4 coaches train 12550
0,train18234 fan working coach s5 seat no6 help please
6,really disappointed sir suggestions
5,id irctc blocked trying ways unlock helpafter long time wanted use rail
0,im travelling ltt vskp express second ac a1 coach cleaning properly see dust
0,trvlng upasana exp fm ddn hwh never seen dirty train toilet stinking water continus falng fm tap dustbn ovrflwn
0,thanesar city tnde temp 45 water water cooler please something
0,acs working pnr 4512791357 tt responding positivelt pay
1,sir fir lodged grpnagpur vide crno0016 us 379 ipc transferred grpmughalsarai
6,sir also gv tr way tr pass come track last yrs
5,receive refund failed canceled tickets 22nd may transaction ids 100000514877723 100000514877729
5,tried book tatkal twice irctc last 5amp6 june15960faced external message error aftr faild trnsctnpls upgrade server
6,strict rules monitoring require maintain cleanliness platforms specially mumbai spitting
0,water scarcity rail town chittaranjan also please help people
5,tdr filed jan14 didnt get refund yet pnr 4158551854 slill showing process
0,paid toilet parbhani rly station amp also closed fr morning go ladies toilet
4,12944 getting late latemy parents miss ap exp jhansi please needful
4,reason 18625 patna hatia witheld ranchi jn since 45 min plz chk
5,sir im unable cancel tckt pnr 8403941958boarding stn ndls amp chart hasnt prepared
0,pnr4319844232 train09457 sandesh nayak3s3 5678 worst toilet maintenance ever seen train
0,train1247225 ac neither ac working basic amenities hot
5,pnr 2864288646 train status running yet chart prepared waiting confirmation since longfacing trouble
5,im sending irctc msg received booking ticket hoping might take action matter
0,water pipes ramanathapuram railway station rmd damaged passengers suffer without drinking water supply
0,even gwalior action cleaning a1 coach train no12643
3,eatables sold railway platforms much higher cost mrp eg water bottle mrp rs 15 sold rs 20 pl contrl
5,hav ans sir irctc fails makes frustrating could go hr journey general tkt
6,applicable xonal railway
0,travelling 12481 ac chair car condition coach poor seats require replacement
4,plz kya rakdhni express nagpur waali 15 mnts liye delay kar sakte hai
7,kindly share pnr number matter forwarded concerned officials
6,plz start unique scheme pm rail vikas yojna connecting indian city rail network
4,train 12584 late frm anvt announcement info passengers139 able answer
3,2419126211no cold water bottles shtbdiattndt sys wait 1hr aisi aati haiy shd hav wait pay rlwys
3,become common practice vendors railway stations charge
3,siri think using irctc railway making fool passengerat time booking giving option food
0,audio system charbagh railway station poor announcement heard clearly
3,train 12237 varanasi jat getting 10rs tea 120rs per veg thal irctc practices rates catering
6,
7,kindly share correct pnr action
4,marudhar exp hrs late catch ala hazrt exp jaipur also late miss ala 510 minplz help
3,wonderful food served train mechanism dispose waste plastic plates etc
4,train 12396 running damn inordinate late amp passengers exhausted completely pl needful asap
4,one faith indian rail dealy hours anyone explain reason delayhope reply god
4,train stoped navsari platform one see
5,pnr no2546970196travelling rac ticket many without ticket travellingi still rac
5,phaphamau railway station staff ticket booking lazy irresponsible need concern sir
7,noted sir matter fwd
5,pnr 6149308733 rac birth allotted chance getting confirm birth tte says birth vacant foul play suspectedl
0,train 17302 coach s2 suffering frm bad smell coming toilet wil reaching dawangere next pls help
3,water cooler platform 45 also running mcb downplz see
1,police patrolling 17037 suspicious peoplethieves jumped adipantry car people selling water mrp
4,sealdah rajdhani half hour late 20 pm bt still nt train platform
6,much load plate form ticket one window operating new delhipathetic
3,sir rail neer platform charing us 20 rs place madurai jn platform reason saying outside kiosk price
0,sir water train toilets amp toilets cleaned train 12628 daund jn
5,thanks reply pnr4138201979
0,sir journey train 12355 s7 coach water available please filling water s7 pnr no6208277709
4,14308 arrived shahjehanpur 730 pm rail cris shows 56 minutes delay schedule time 650 pm false information
0,pnr6253063718train15909 children train fully occupied unauthorized passengers cannt able go toilet
0,rt sir travelling coach d2 seat 2223 12498 sorry say wastewater washbasen coming intoâ
4,train 22488 ndls jogbani bihar running late 711 hours daily please instruct regulate
4,train 12502 delayed hours source making difficult board 3am
4,progress im tweeting nighter solution reply 16 ghate ho gaye ghante aur hain
1,non compliance rule delhi railway station policeman ajay kumarhe leaving people without scanning goods
5,xerox ticket 08305008854
0,travelling train number 15656 s4 coach water toilets since morning plz help train reached shamstipur jn
3,placed order foodontrack amp made payment online neither food delivered refund made help
5,sir pnr 6153212316 train 22811 bbs rajdhani waiting list plz help getting berth 12
4,bhopal 240hrsand arrived jhansi 218hrs going much late moving towards lucknowpls check
5,guy raipur st cg denied give ticket also told staffs give ticket
4,sir plz make sure dhr neglected cz later might become parking lot
3,palanpur gujarat vendor name vasu mal amul parlour got amul masti dahi 25 12
0,traveling 12512 s4 coach toilets clean ladies able visit toilets
0,train delays dirty lavatory area expected better years ministry
0,suvidha delhi barauni express train 04416no water toilets dirty toilet plz helppnr2765201732
3,connect wifi chennai central vendors selling prices displayed platform
4,04403 anand vihar haridwar express stopped sahibabad rly stn since 30 min pls something
5,hello sirmyself common man would like bring notice high time tatkal procedures revamped
5,today book ticket irctc server work show site rechable site open last two day
6,pure bullshit
4,train 12492 delayed hr burwal junction gonda junction
5,kolkata stuck patna kidsnot able book tickets tatkal quota even
0,water supply toilets lavatory coach 10 train 12216 tte helplesspnr8347396494
3,pnr no2217356121 pantry charging 20rs water bottle printed rate 15
5,pnr 6153093742tatkal tick rs 2196 distance 231 km amp traveled without bed rollattendant non cooperative arrogant
5,train ticket train time 0230am sadulpur jn shriganganagar jn
6,rt april november financial incremental loading 32 million tonnes achieved againstâ
3,please supply rail neer branded water train station vendor charging rs20bottle
7,kindly share pnr number
4,train 12833 date 3122017 correct time delayed plz inform got msg update online
0,hi train 22639 allepey express coach s9 toilet tap broken cleaned please take necessary action thanks
1,sir fir lodged grppalghar vide crno 1016 us 379 ipc
6,great work people needs passengers also help railways cleanes coach
0,ac ha1 working 12368 vikramshila express drenched sweat please help
3,ji aaj lucknow water point start hua aaj 11 baje se lucknow station pr pani hi nhi public pyasi
4,adiptn dmu never comes time always runs late 01 hrs noon consider train primary routethanks
5,sir today gone palam ticket counter ask ticket different date told ticket issued one
0,train 12177 pnr 6153059588train departed hwh junction water didnt filled boggyno water
0,snacks served shatabdi ahmedabad mumbai fresh smelling
7,updated information please call 139
4,may expect reasons get train thane may expect câ
5,sir plz clarify berth opted child passenger half fare paidis child entitled meals like copassengers
7,matter already forward
4,uts application working properly taking wrong birth date nt giving alerts expired pass taking next days date
0,traveling fromamarpali express water toiletcalled many time 182 bt call nt s7
7,rt win 50 amazon booktour giveaway bookboost paranormal romance wolf shifter pnr emiliahartley
0,sir intimated ongole platform electrical staff rectification thank
2,mther suffering cancer stge 4have go tmh mumbaipls hlp get cnfrm brth pnr 2118329361 tn12138
5,13134 coach b12030 people without ticket coachjbrdsti baith rhett ki bt nhi man rhe
0,thanks cleaning staff come till 0440 train arrived andwe leftâ
3,dehradun station kae andarrail neer ke jagahbisleri ka paani bik raha hai please something
5,dear sir brother cancer patienthave go patna 123943a 12 june plz sir confirm wl ticket pnr2865202662
0,train 12807 s1 heavily soiled dirty toilets senior citizens facing problem train reaching lalitpur
7,kindly share pnr number matter forwarded concerned officials
3,railway cheating public anyone reserving nzm bangalore boarding jhansi catering charge nzm
6,
5,hv bn tryin buk tkts tatkal quotabt erytim witin 1mints tkts usd buk classkndly prvnt unfair prctce
0,water s3 compartment 22149 erspune express train ticket pnr 4631896219 need help
1,sweeper supposed thief matter passengers cntrl pnr 4512791357
5,bring yur notice bcoz agents able book tatkal tkt ranchi post office
0,sir railway parcel service tracking working able found parcel status parcelled bike sbc2ers
0,train 12583 nt clean bathrooms nt properly cleanedin bathrooms ther liquid soap 70 percent water mixed
5,according pnr number 2138640781 berth racs1055 amp attended duty tte
5,sir please resolve issue refund pnr no2759103001 received refund gt100 days kindly look
3,selling tea rs 10 instead rs water bottle selling local company rs 20 pnr 6208706148â
7,sir thanks calling us
7,contact number 919205535799thanks
7,6506401270
0,dear sir traveling awadh assam exp pnr 2817784641 water washroom dirty coach
3,19061 ramnagar express early morning train without pantry food facilities required
4,pnr6153238504 train 15 hour late departure coach s8 brake chains working brother fell injured
6,thanks support quick action
1,lost laptop bag nzm indb12416on 11jan15pnr 9742815095 amp fir no2915
7,matter advised concerned official necessary action
5,pnr 8347395011 partly cancelled 31st may refund issued complaint ticket raised irctc3496001 6thjun
6,indian railway improving services thanks team railway
6,rt 498ajailsinnocent
1,found bag owner police taking action pnr 4512791357
6,sbp div observed intl level crossing awareness day ilcad naukad natak scout team
2,train number 14523 boggie ac b1 seat number 41 42 43 need doctor help urgently please help asap mobile number 8400323260
6,railways take progressive steps cant agricultural finance ministry
7,concerned rpf stafftte duty informed concern taking appropriate action
5,pnr2646988021 ws lkng fr lwr birth alwd wn brded lwr birth empty trvld lwr birth happens
6,want passanger train bharuch tâ
6,
5,travelling bpl cwa due urgent reasons confirmed 3tier ac ticket
0,train 12551 b1023 water leaking ac please needful
6,rt respect 23 people lost life elphinstone bridge2017 must remembered manner wheâ
5,sir hv mistyped gender tatkal ticket fr 2mrow hw crrct plz helpotrwise monety go vain
5,tryng buk ticket since 15 days old ailing grndfather agents askng 2k sleeper ticket
5,booked bedsheets ticket online bt attendent giventrno12269pnr4740507848s341amp44
6,rlys retwets praises thr qstns info nthng rplied retwtd vry sad
3,sir 12394 sampoorna kranti s2 48catering team coruption selling rs15 item rs20
0,sir unable sit gwl intercity express due smell amp tempered seats poor experience pl help
0,every see water wasted railway st infrastructure
0,travelling 12436 dbrt rajdhani exp charging point side lowerupper berth fair bad experience
6,sir plz improve uts services support team also bcz cnt trf ac new ph proper support
3,pantry staff mark 12708 taking 20 rupees water bottle giving back rupees yatri
4,sir please review time table 14236 bnaras bareiley exp become bullock cart running hrs late
0,madurai jn ac waiting hall paid service 10 per hr ac working enough
6,check thief catcher prolific reader instafreebie freebook whattoread pnr
4,another tweet issue train 12411 delayed ludhiana every single day 3540 mins today
6,
3,water cooler platform 45 working plz check mcb
5,sir booked tickets mahanagri expbut mom alone s8 s3 pls help
2,need medical assistance child travelling train 15097 coach b2contact no9469269631
6,
3,train12009 c812 found fly food unhygenic unsafe food
0,fans speed decreasing need help pnr 4512791357
3,vendor simply overcharging charging 20 rs instead 15rs printed mrp
7,sse telecom msh send tomorrow dt 03122017
3,sir comesum nizamuddin served spoiled food today evening penalise pl check amp nedfl
4,train halt last 45 hrs amidst jungle wt fkk happening pnr 4512791357
5,cant able book tatkal ticket pnbe hwh unauthorized agent bookneed help
6,mischief bundle kindlecountdown sale 1993 story bundle ff amp mf pnr erotica erotica booklovers lprtgâ
3,impressive see pantryman tip collection tray rajdhanis imagine ai
5,awaiting refund pnr 6447664244 frm monthplz help
0,meerut city station platform 23 relatively dirty sweeping required
5,pnr 2544989573 many thanks beforehand
4,huge problm chain pulling delhi udz chetakexpress amp got late always plz look
6,thanks lot indian railways query resolvedreally mera desh badal raha hainamo namo
4,train 13005 rescheduled 2105 still departits sadalready hrs late
5,using irctc tatkal service ruined journey poor server response website hangnot open toady 45 min
0,train18234 coach s5 seat no6 fan working plz help
0,window glass visible pls get clean urgentlypnr6352386558train18030doj0806162apkulttdep1635
6,announcement done
1,copassenger playing loud music obeying tt sort pnr 4512791357
3,getting tatkal ac ticket 4m pune bhubaneswar viceversa much difficult via website
4,plz continue train 1430714308
5,please charge cancellation fee logical algorithm 760 inr cancelling ticket within 15 minutes outrageous
5,aged lady alloted upper berth 22911 pnr 8553362063 kindly see modifications possible
7,noted informed concerned department
3,spreading foodfor service washdoors incoaches persistingin rajdhanitoolitterbinwith foodresidues kept closebyalsostopit
4,maveli express always late 30 60 minutes ernakulam noted year
6,would like thank team giving wonderful experience train travel salute good work
0,hygiene secunderabadgorakhpur train train smelling badtoilets maintained
5,hv cancelled tkt may272016 pnr 8647308131 refund amount rs3790 received today thank utdr payment
5,talk rpf head quater satisfied provide full protection tatkal reservation counter general people
3,irlro welcomes decision stn baby food stalls babies safe drivers running trains wo time foodrefnaturalcall
2,two copassengers fought brutally got head injury1 pnr 4512791357
7,cleanliness feedback overphone appreciatedbut feedback station clearly mentioned12
0,slow air conditioning 3ac coach be1 train 19269 porbandarmotihari pnr 8247039410
5,paid 200 bribe tc tc askd fr ticket tc didnt gav recipt train 12565 s5 nxt stp nd
0,shame dat despite instructions gmpatna rail administration idle cleaning dis mesh
1,sir mobile phone could tracedpl lodge missing report grp
6,
1,mam fir lodged grppalghar vide crno 1016 us 379 ipc
2,rac pnr 6352836568have children medical practice waiting list need help
6,paise legally sahi daam pe bech ke bhi kamay jaa sakte hai
4,19916 intercity exp mg getting late day requested make stoppage every exp train
0,dhauli worst train12822 coach c1 ac wrkng refund money coach even ac nt working
1,persons weapon robbed gawhatiexpressi lost iphone6i got details proofs robbererhelpme
5,booked tdr feb 22 2016 ticket pnr 6652029847 got response till today
4,tweet late today morning peak hours 2025 mins jam packed made india
5,sir hv booked ticket yesterday online delhi patna confirmed money also refunded
7,rt nr purchase national herald distribution trains eiâ
6,petition like continually cut pso invest public transport travellâ
1,pnr2337792679 trn12802 dt02122017 frm mgs ctc cls3a p1b154 sir lost shoesmay one stolen
7,sir inconvenience regretted please lodge fir lodged grp pursâ
4,pls see status trainstarts late frm destination
7,matter notified officials concerned
5,sir way guys track legal allocation rac seatsam travelling half seat pnr8347530093 12
5,pls confirm reservation make money refund
0,unremoved heavy bedrolls stinky smell pnr 4512791357 cleanup reqd
6,sir great thought jabse aap aayen hain rail jaise pankh laga ke ud rahi haithanks
0,platform 4amp5 bhopal needs cleaned immediately pnr 8747162916 waiting
0,train no12618 mangala express boarded train panvel boggie a2the coach clean
3,sir local water bottlepawan aquaselling new delhi rly stn railneerrailway looses revenue
4,train start hours late beginning
3,train 12764 s13 water please address finding difficult seat s13 4243454648
0,train number 12673 coach b5 3a seat 30ub rats cleaning blanket
4,12142 train stops thane please reply
0,proper maintenance samatha express light fan working pnr 6655960301
5,please help cant book tickets train number 52145 responding emailsâ
0,travelling train 12759 a1 46 till 10 pm charging point working working whole compartment
5,pls print menu indianrailways backside ticket
2,pregnant lady needs help lady doctor immediately pnr 4512791357
4,asked trn no14312 station masterit brought notice train history lateplz look 22
4,1st stop ho quota 35 seats offer inâ
5,sir ji corrective action taken long queue reservation counter dull booking staff disappointing
0,dear sir travelling 19046 train amp water toilets condition train worst
5,train 12683 travelled 080616 awy otp s5 71 tte collected sl charge issued receipt
3,punitive action needs taken vendors seling articles mrp tolfree takes long waiting time aprox 30
2,shocking nzm pune 04418 didnt first aid box required 8yr old waited 35 mins help arrive
5,need2travel 57yrs old sick mother 60yrs father 4medical purpose tickets nt confirmedpnr 6755602571
5,magistrate checking 14318 23 women train part checking team id cards
5,sir almost 20 days booked ticket irctc still havent got refund irctc asks cont
3,train pantry ampthey unable find milk ald could please help next stop satnaâ
1,mam fir lodged grpahmedabad vide crno 9916 us 379 ipc
5,sir train ticket comform abu road mumbai mother sick plz help sir pnr 2217892889 doj 9616
4,pnr 4858754692 extremely difficult boarding train getting seats unreserveâ
1,mom 73 cancer patient lost tatahospital smart card train cont
0,paid ac feeling hotness railways negligence attention needed immediately pnr 4512791357
4,train diverted actual route knowlwdge fuck takentrack us pnr 4512791357
6,kudos sir6mbs speed unbelievablecleaneststationfreewifithank
3,please give pantry menu ratecard line avoid manycontroversy train journey
5,sir train ticket comform abu road mumbai mother sick plz help sirpnr 2217892889doj 9616
5,hello sirwe booked ticket thro online wife got frm boarding station could joined ftm anthr station
5,tickets mobile still feasible please review
6,sure railwys care abt posting twittr fb posted issue many times reply
1,mobile stolen need help track pnr 4512791357
4,sachkhand express 12715 late hours buying japanese trains wont help ir learn fâ
6,rt pnr fantasy bookboost iartg eartg asmsg ian1 mgtab tw4rw newrelease deryk dragon hearts 2â
1,security train running pic 64231 bbklko amp train guard sleeping malhore
7,bangalore charges circulars railway ministry attach
5,kindly allow mobile users book tickets 812 also irctc app currently app useful
4,plz mk tte wear nameplats duty authorize chk ticketthey dont wear nameplate amp tk money
0,16345 running hrs late s1 coach dont water charging point working
4,please share coach position 11016 khushinager ex0
4,hours journey completed hrs excluding waiting time 35hrsu take responsibility mostly trains late 5tâ
7,
5,booked tatkal ticket wrong gender details name age correct pls advise something done
0,train 15107 coach be1 ac working barabanki amp one listening complain
6,rt ask join dynamic leadership fight jâ
3,thank sir sending representative cant anything plz charge provide good food
4,ind rail enquiry sys last 12 hourunable track trains location
1,sir lost laptop bag nzm indb12416on 11jan15pnr 9742815095 amp fir no2915 till time nothing done
6,important remember eu isnt progressive force look eu data collection sharâ
4,frustated train 51422 delayed hrs
6,featured new releases midika crane anna lowe pnr paranormalromance
7,rt
6,rt procuring congress mouthpiece national herald priced hefty rs 20piece amp providing toâ
7,kindly look matter necessary action ncr1536
4,drizzles horbour line trains already late 10 minutes
6,great job gandhi ji ke bandaaeon
5,booking ticket irctc transaction dropped didnt get ticket still amount deductedhelp
5,dear sir pleasemake regular ticket checking every trainthere lots ppl travelling without ticketbiharppl commonly
0,pnr 2761985743 traveling train 12878 coach g16 dirty bathroom also water coach please help
5,jab se suresh prabhu rail minister bana tab se train ticket milanaaur bhagwan se milana barabar ho gaya hai
5,refund wl ticket 40 min train departure logged complain refund
6,wow serious
6,rt read construction manilaclark railway project start soon contract construction supervision andâ
6,thanks lot showing quick response helping sister commendable job done
0,reported issue water logging velacheri mets station drm response pl take action
5,train 12344 coach b3 bribe accepted tt allotting seat nos 1218amp20 rac ticket allotted seats
7,please direct concerned plz plz plz plz plz plz
0,traveling 12005 ndl chd shatabdi pathetic condition water toilets train runing late apparently without reason
0,sir charging point working proper atandent telling train 19579 pnr 874746496 coach b210 11
7,sorry delaymy contact 8275595956pnr 8647217391
4,sir kindly look train 12273 already known highly prestigious train delayed every running avg 15
4,train18202 always runs late train history running late currently hrs late
0,cleaning coach nothing happened even jhansi crossedtrain 12643coach a1
0,panipat railway reservation counter one window working last 10 days farpassengers suffering pls help
0,sir kafi trains ke coach main glass khidkiyaan poori bad nhi hoti hain travel ke time thand lagti râ
5,railway must write every ticket travelling important work dont travel train
4,sir making reservations fill form details put aadhar related registration
7,sir thanks calling us
0,bed rolls ac bad overpriced food unmaintained toilets etc etc sorry say situation
0,confusion misprint whatever chd allp worst noacntcleanleaking rainnowater
6,
3,improve hygiene amp sanitation starts offering food one eat good food amidst stench
4,prabhu ko tweet karte hi 54011 min late pahle 33 min thi ab 38 ho gaithanks
4,app serious problem delay 30 mins reported min late
5,unable get tickets online since three months varanasi pune
5,respected sir please look matter tatkal booking middleman eating away tickets abundance
0,ac working 15017 boarded banaras gorakhpur today
4,cant railway inform beforehand abt delaymy old parents forced wait train 12561 12
1,parcel missingno 2002503753 manmad jalandhar city
0,ac amp fans working lucknow mail facing much difficulties
5,without ticket traveller also big railway problem please something stop
6,
6,yesterday 1400 hrs girl child got treatment railway doctor boogie thanks ind rail prabhu sir
5,howrah main ticket counter closed due repairing purposesbut tvm therebut nobody help people
3,pnr6152278232guilty travelin rajdhani terible food amp horible sanitaries
3,pnr2119051082trn12910dt08062016p1j429name praveen boarding nzm brc food service provided
0,sir condition upper class waiting room jodhpur horrible ac working
5,person buys ticket online confirmed ticket vâ
0,window pane jammed utter winter bone freezing cold pnr 4512791357
3,standard meals charging rs 100 12194 train pnr 8420297219
7,kindly share pnr number matter forwarded concerned officials
0,pathetic condition coach b1 gkppune express train no15029 one bothered clean pls help
6,rt add allineed tbr shelf iartg ian1 asmsg bookboost rt paranormalromance pnr 1click oneclickâ
6,
0,train 04418 departed yesterday sanitary hygiene issueswater leakage clean
3,train pantry ampthey unable find milk ald could please help next stop satnaâ
0,water coaches like s87 pnr4318424916 mb 8880431072
3,travelling nagpur newdelhi trivendrum express chargd rs90 single veg thali rail caterin plz explain
7,kindly look matter
0,train 12601 maangalore mail general passengers reserved compartment s11 difficult reach bathroom please help
5,aged lady alloted upper berth train 22911 pnr 8553362063 kindly see modifications possible
1,aggressive copassengers need immediate change seat pnr 4512791357
0,water coachplease somethingtrain 12550coach b4jammutawi durg expnext station agra
3,travelling train noname 12246 duronto expressupervisor forced us drink hot water
6,
